Name.x,Order,Family,Genus,species,Name,Accession,File,complex,Host,Plant Type,Infects,Ecosystem,Habitat,Origin,Reported Guild ,Genus Trophic Mode,Genus Guild,PhyloName,Source,Dataset,Complete,Single,Duplicated,Fragmented,Missing,n_markers,Assembly Length,# Genes,Published,Assembly.Accession,Assembly.Name,Organism.Name,Organism.Infraspecific.Names.Strain,Annotation.Name,Assembly.Stats.Total.Sequence.Length,Assembly.Level,Assembly.Release.Date,WGS.project.accession,Assembly.Stats.Contig.N50,Assembly.Stats.Scaffold.N50,Assembly.Sequencing.Tech,Assembly.Submitter,Assembly.BioProject.Accession,Assembly.BioSample.Accession,Annotation.Count.Gene.Total,Annotation.Count.Gene.Protein.coding,Annotation.Count.Gene.Pseudogene
Acremonium chrysogenum ATCC 11550,Hypocreales,Hypocreaceae,Acremonium,chrysogenum,Acremonium chrysogenum,Acrchr1,Acrchr1.aa,NA,NA,NA,NA,seawater,marine,Italy,environmental,Pathotroph-Saprotroph-Symbiotroph,Animal Pathogen-Endophyte-Fungal Parasite-Plant Pathogen-Wood Saprotroph,Acremonium chrysogenum ATCC 11550 (JGI),ref,ascomycota_odb10,97.6,97.4,0.2,0.4,2,1706,28563214,8899,"Terfehr D et al., 2014",GCA_000769265.1,ASM76926v1,Hapsidospora chrysogenum ATCC 11550,ATCC 11550,Annotation submitted by Ruhr-Universitaet Bochum,28563214,Scaffold,8/15/14,JPKY01,149473,166906,Illumina HiSeq,Ruhr-Universitaet Bochum,PRJNA248608,SAMN02799700,9050,8901,NA
Annulohypoxylon maeteangense CBS 123835 v1.0,Xylariales,Hypoxylaceae,Annulohypoxylon,maeteangense,Annulohypoxylon maeteangense,Annmae1,Annmae1.aa,NA,unknown,unknown,plant,wood,terrestrial,Thailand,non-endophyte,Saprotroph-Symbiotroph,Endophyte-Undefined Saprotroph,Annulohypoxylon maeteangense CBS 123835 (JGI),ref,ascomycota_odb10,99,99,0,0.4,0.6,1706,38245008,11000,"Franco MEE et al., 2022",GCA_022496945.1,Annmae1,Annulohypoxylon maeteangense,CBS 123835,Annotation submitted by DOE Joint Genome Institute,38245008,Scaffold,2/28/22,JAJKHO01,1147713,1644824,Illumina,DOE Joint Genome Institute,PRJNA583852,SAMN13172196,11144,11000,4
Annulohypoxylon truncatum CBS 140777 v1.0,Xylariales,Hypoxylaceae,Annulohypoxylon,truncatum,Annulohypoxylon truncatum,Anntru1,Anntru1.aa,NA,unknown,unknown,plant,wood,terrestrial,USA,non-endophyte,Saprotroph-Symbiotroph,Endophyte-Undefined Saprotroph,Annulohypoxylon truncatum CBS 140777 (JGI),ref,ascomycota_odb10,99.1,99,0.1,0.4,0.5,1706,38067699,11151,"Franco MEE et al., 2022",GCA_022578515.1,Anntru1,Annulohypoxylon truncatum,CBS 140777,Annotation submitted by DOE Joint Genome Institute,38067699,Scaffold,2/28/22,JAJKKI01,587353,762608,Illumina,DOE Joint Genome Institute,PRJNA567198,SAMN12794444,11311,11151,17
Astrocystis sublimbata CBS 130006 v1.0,Xylariales,Xylariaceae,Astrocystis,sublimbata,Astrocystis sublimbata,Astsub1,Astsub1.aa,NA,Phyllostachys sp.,monocot,plant,plant,terrestrial,Spain,non-endophyte,Saprotroph,Undefined Saprotroph,Astrocystis sublimbata CBS 130006 (JGI),ref,ascomycota_odb10,97.1,94.8,2.3,0.5,2.4,1706,42778081,12484,"Franco MEE et al., 2022",GCA_022453515.1,Astsub1,Astrocystis sublimbata,CBS 130006,Annotation submitted by DOE Joint Genome Institute,42778081,Contig,3/3/22,JAJNNY01,538138,NA,PacBio,DOE Joint Genome Institute,PRJNA567200,SAMN12794309,12693,12484,8
Beauveria bassiana ARSEF 2860,Hypocreales,Cordycipitaceae,Beauveria,bassiana,Beauveria bassiana,Beaba1,Beaba1.aa,NA,Schizaphis graminum,NA,insect,insect ,terrestrial,USA,insect pathogen,Pathotroph,Animal Pathogen,Beauveria bassiana ARSEF 2860 (JGI),ref,ascomycota_odb10,99.1,98.9,0.2,0.2,0.7,1706,33693936,10364,"Xiao G et al., 2012",GCA_000280675.1,ASM28067v1,Beauveria bassiana ARSEF 2860,ARSEF 2860,"Annotation submitted by Zhejiang University, China",33693936,Scaffold,8/14/12,ADAH01,84720,729568,454,"Zhejiang University, China",PRJNA38719,SAMN02981247,10364,10364,NA
Biscogniauxia marginata CBS 124505 v1.0,Xylariales,Xylariaceae,Biscogniauxia,marginata,Biscogniauxia marginata,Bisma1,Bisma1.aa,NA,Malus or Pyrus sp.,eudicot,plant,wood,terrestrial,Germany,non-endophyte,Saprotroph,Undefined Saprotroph,Biscogniauxia marginata CBS 124505 (JGI),ref,ascomycota_odb10,98.7,98.5,0.2,0.3,1,1706,45592449,11381,"Franco MEE et al., 2022",GCA_022695795.1,Bisma1,Biscogniauxia marginata,CBS 124505,Annotation submitted by DOE Joint Genome Institute,45592449,Scaffold,3/2/22,JAJNNW01,199932,323575,Illumina,DOE Joint Genome Institute,PRJNA571057,SAMN12815191,11474,11381,5
Biscogniauxia mediterranea CBS 129072 v1.0,Xylariales,Xylariaceae,Biscogniauxia,mediterranea,Biscogniauxia mediterranea,Bismed1,Bismed1.aa,NA,Quercus castaneifolia,eudicot,plant,plant,terrestrial,Iran,non-endophyte,Saprotroph,Undefined Saprotroph,Biscogniauxia mediterranea CBS 129072 (JGI),ref,ascomycota_odb10,98.8,98.7,0.1,0.3,0.9,1706,44039921,11018,"Franco MEE et al., 2022",GCA_022478735.1,Bismed1,Biscogniauxia mediterranea,CBS 129072,Annotation submitted by DOE Joint Genome Institute,44039921,Scaffold,3/2/22,JAJNNU01,64195,271754,Illumina,DOE Joint Genome Institute,PRJNA567202,SAMN12794129,11159,11018,6
Camillea tinctor CBS 203.56 v1.0,Xylariales,Xylariaceae,Camillea,tinctor,Camillea tinctor,CtCBS203_1,CtCBS203_1.aa,NA,Sassafras sp.,magnoliid,plant,plant,terrestrial,USA,non-endophyte,Saprotroph,Undefined Saprotroph,Camillea tinctor CBS 203.56 (JGI),ref,ascomycota_odb10,98.9,98.8,0.1,0.2,0.9,1706,45006662,11860,"Franco MEE et al., 2022",GCA_022578605.1,CtCBS203_1,Camillea tinctor,CBS 203.56,Annotation submitted by DOE Joint Genome Institute,45006662,Scaffold,3/2/22,JAJKKR01,167481,528634,Illumina,DOE Joint Genome Institute,PRJNA567204,SAMN12794063,12048,11860,13
Chaetomium funicola MPI-SDFR-AT-0129 v1.0,Sordariales,Chaetomiaceae,Chaetomium,funicola,Chaetomium funicola,Chafu1,Chafu1.aa,NA,Arabidopsis thaliana,eudicot,plant,plant,terrestrial,France,endophyte,NA,NA,Chaetomium funicola MPI-SDFR-AT-0129 (JGI),ref,ascomycota_odb10,98.9,98.6,0.3,0.5,0.6,1706,33300809,10414,"Mesny F et al., 2021",GCA_020726445.1,Chafu1,Chaetomium sp. MPI-SDFR-AT-0129,MPI-SDFR-AT-0129,Annotation submitted by DOE Joint Genome Institute,33300809,Contig,10/29/21,JAGJXA01,3753983,NA,PacBio SEQUEL,DOE Joint Genome Institute,PRJNA370201,SAMN06297005,10578,10413,17
Chaetomium sp. MPI-CAGE-AT-0009 v1.0,Sordariales,Chaetomiaceae,Chaetomium,sp.,Chaetomium sp.,Chame1,Chame1.aa,NA,Arabidopsis thaliana,eudicot,plant,plant,terrestrial,Germany,endophyte,NA,NA,Chaetomium sp. MPI-CAGE-AT-0009 (JGI),ref,ascomycota_odb10,98.7,98.5,0.2,0.5,0.8,1706,33768356,11326,"Mesny F et al., 2021",GCA_020736525.1,Chame1,Chaetomium sp. MPI-CAGE-AT-0009,MPI-CAGE-AT-0009,Annotation submitted by DOE Joint Genome Institute,33768356,Contig,11/2/21,JAHBOE01,5315113,NA,PacBio RSII,DOE Joint Genome Institute,PRJNA370120,SAMN06296019,11518,11326,3
Chaetomium thermophilum var thermophilum DSM 1495,Sordariales,Chaetomiaceae,Chaetomium,thermophilum,Chaetomium thermophilum,Chathe1,Chathe1.aa,NA,NA,NA,NA,compost,terrestrial,United Kingdom,environmental,NA,NA,Chaetomium thermophilum var thermophilum DSM 1495 (JGI),ref,ascomycota_odb10,96.9,96.7,0.2,0.6,2.5,1706,28322806,7165,"Amlacher S et al., 2011",GCA_000221225.1,CTHT_3.0,Thermochaetoides thermophila DSM 1495,DSM 1495,Annotation submitted by EMBL,28322806,Scaffold,7/22/11,ADUW01,513648,2849635,454 GS FLX Titanium,EMBL,PRJNA47065,SAMN02981263,7475,7165,68
Colletotrichum abscissum,Glomerellales,Glomerellaceae,Colletotrichum,abscissum,Colletotrichum abscissum,Colab1,Colab1.aa,acutatum,Citrus x sinensis,eudicot,plant,plant,terrestrial,USA,plant pathogen,Pathotroph-Symbiotroph,Endophyte-Plant Pathogen,Colletotrichum abscissum (JGI),ref,ascomycota_odb10,99.5,99.4,0.1,0.1,0.4,1706,53936108,17280,"Baroncelli et al, 2022",GCA_030869225.1,CABS01,Colletotrichum abscissum,IMI 504890,Annotation submitted by University of Western Brittany,53936108,Scaffold,8/24/23,MOOD01,962862,962862,Illumina MiSeq,University of Western Brittany,PRJNA350894,SAMN05949354,17280,17280,NA
Colletotrichum acutatum,Glomerellales,Glomerellaceae,Colletotrichum,acutatum,Colletotrichum acutatum,Colac2,Colac2.aa,acutatum,Pinus radiata,gymnosperm,plant,plant,terrestrial,South Africa,plant pathogen,Pathotroph-Symbiotroph,Endophyte-Plant Pathogen,Colletotrichum acutatum (JGI),ref,ascomycota_odb10,98.8,98.7,0.1,0.5,0.7,1706,49057477,15036,"Baroncelli et al, 2022",GCA_030867785.1,Colac2,Colletotrichum acutatum,CBS 112980,Annotation submitted by DOE Joint Genome Institute,49057477,Contig,8/24/23,JAHMHS01,299511,NA,PacBio,DOE Joint Genome Institute,PRJNA334354,SAMN05442906,15372,15033,5
Colletotrichum asianum,Glomerellales,Glomerellaceae,Colletotrichum,asianum,Colletotrichum asianum,GCA_009806415.1,GCA_009806415.1.aa,gloeosporioides,Coffea arabica,eudicot,plant,plant,terrestrial,Thailand,plant pathogen,Pathotroph-Symbiotroph,Endophyte-Plant Pathogen,Colletotrichum asianum (GCA_009806415.1),ref,ascomycota_odb10,99.1,98.7,0.4,0.1,0.8,1706,64731264,17966,Meng Y et al. 2019,GCA_009806415.1,ASM980641v1,Colletotrichum asianum,ICMP 18580,Annotation submitted by Northwest A&F University,64731264,Scaffold,12/27/19,WOWK01,381785,389703,Illumina HiSeq,Northwest A&F University,PRJNA504379,SAMN13475008,17966,17966,NA
Colletotrichum caudatum,Glomerellales,Glomerellaceae,Colletotrichum,caudatum,Colletotrichum caudatum,Colca1,Colca1.aa,graminicola,Sorghastrum nutans,monocot,plant,plant,terrestrial,USA,plant pathogen,Pathotroph-Symbiotroph,Endophyte-Plant Pathogen,Colletotrichum caudatum (JGI),ref,ascomycota_odb10,99,98.8,0.2,0.6,0.4,1706,44202764,15294,"Baroncelli et al, 2022",GCA_030867225.1,Colca1,Colletotrichum caudatum,CBS 131602,Annotation submitted by DOE Joint Genome Institute,44202764,Scaffold,8/22/23,JAHLTY01,62710,94998,Illumina,DOE Joint Genome Institute,PRJNA262368,SAMN05660677,15566,15292,2
Colletotrichum cereale,Glomerellales,Glomerellaceae,Colletotrichum,cereale,Colletotrichum cereale,Colce1,Colce1.aa,graminicola,Poa annua,monocot,plant,plant,terrestrial,USA,plant pathogen,Pathotroph-Symbiotroph,Endophyte-Plant Pathogen,Colletotrichum cereale (JGI),ref,ascomycota_odb10,99.2,98.9,0.3,0.4,0.4,1706,52150039,16412,"Baroncelli et al, 2022",GCA_030867335.1,Colce1,Colletotrichum cereale,CBS 129662,Annotation submitted by DOE Joint Genome Institute,52150039,Scaffold,8/22/23,JAHLKB01,62077,76554,Illumina,DOE Joint Genome Institute,PRJNA262440,SAMN05660427,16704,16411,2
Colletotrichum chlorophyti,Glomerellales,Glomerellaceae,Colletotrichum,chlorophyti,Colletotrichum chlorophyti,Colch1,Colch1.aa,none,Solanum lycopersicum,eudicot,plant,plant,terrestrial,Japan,plant pathogen,Pathotroph-Symbiotroph,Endophyte-Plant Pathogen,Colletotrichum chlorophyti (JGI),ref,ascomycota_odb10,96.9,96.7,0.2,0.4,2.7,1706,52387045,10310,"Gan P et al., 2017",GCA_001937105.1,ASM193710v1,Colletotrichum chlorophyti,NTL11,Annotation submitted by RIKEN,52387045,Scaffold,1/5/17,MPGH01,164384,644295,Illumina GAIIx,RIKEN,PRJNA350752,SAMN05945917,10419,10310,NA
Colletotrichum costaricense,Glomerellales,Glomerellaceae,Colletotrichum,costaricense,Colletotrichum costaricense,Colco1,Colco1.aa,acutatum,Coffea sp.,eudicot,plant,plant,terrestrial,Costa Rica,plant pathogen,Pathotroph-Symbiotroph,Endophyte-Plant Pathogen,Colletotrichum costaricense (JGI),ref,ascomycota_odb10,99.5,99.4,0.1,0.1,0.4,1706,51625248,17126,"Baroncelli et al, 2022",GCA_030867565.1,CCOSS01,Colletotrichum costaricense,IMI 309622,Annotation submitted by University of Western Brittany,51625248,Scaffold,8/24/23,MOOE01,2423109,2423109,Illumina MiSeq,University of Western Brittany,PRJNA350895,SAMN05949355,17126,17126,NA
Colletotrichum cuscutae,Glomerellales,Glomerellaceae,Colletotrichum,cuscutae,Colletotrichum cuscutae,Colcu1,Colcu1.aa,acutatum,Cuscuta sp.,eudicot,plant,plant,terrestrial,Dominica,plant pathogen,Pathotroph-Symbiotroph,Endophyte-Plant Pathogen,Colletotrichum cuscutae (JGI),ref,ascomycota_odb10,98.1,98,0.1,0.8,1.1,1706,80453496,17289,"Baroncelli et al, 2022",GCA_030869315.1,CCUS01,Colletotrichum cuscutae,IMI 304802,Annotation submitted by University of Western Brittany,80453496,Scaffold,8/24/23,MPDP01,514068,514068,Illumina MiSeq,University of Western Brittany,PRJNA350379,SAMN05938704,17289,17289,NA
Colletotrichum eremochloae,Glomerellales,Glomerellaceae,Colletotrichum,eremochloae,Colletotrichum eremochloae,Coler1,Coler1.aa,graminicola,Eremochloa ophiuroides,monocot,plant,plant,terrestrial,USA,plant pathogen,Pathotroph-Symbiotroph,Endophyte-Plant Pathogen,Colletotrichum eremochloae (JGI),ref,ascomycota_odb10,99.1,98.7,0.4,0.4,0.5,1706,47210890,15169,"Baroncelli et al, 2022",GCA_030867245.1,Coler1,Colletotrichum eremochloae,CBS 129661,Annotation submitted by DOE Joint Genome Institute,47210890,Scaffold,8/22/23,JAHMUH01,221499,352689,Illumina,DOE Joint Genome Institute,PRJNA262442,SAMN05660823,15472,15169,4
Colletotrichum falcatum,Glomerellales,Glomerellaceae,Colletotrichum,falcatum,Colletotrichum falcatum,Colfa1,Colfa1.aa,graminicola,Saccharum officinarum,monocot,plant,plant,terrestrial,Japan,plant pathogen,Pathotroph-Symbiotroph,Endophyte-Plant Pathogen,Colletotrichum falcatum (JGI),ref,ascomycota_odb10,99,98.8,0.2,0.5,0.5,1706,49085377,15619,"Baroncelli et al, 2022",GCA_030867235.1,Colfa1,Colletotrichum falcatum,MAFF306170,Annotation submitted by DOE Joint Genome Institute,49085377,Scaffold,8/22/23,JAHLKA01,65930,90754,Illumina,DOE Joint Genome Institute,PRJNA262221,SAMN05660685,15897,15618,2
Colletotrichum fioriniae,Glomerellales,Glomerellaceae,Colletotrichum,fioriniae,Colletotrichum fioriniae,GCA_027942845.1,GCA_027942845.1.aa,acutatum,Quercus ilex,eudicot,plant,plant,terrestrial,Switzerland,endophyte,Pathotroph-Symbiotroph,Endophyte-Plant Pathogen,Colletotrichum fioriniae (GCA_027942845.1),ref,ascomycota_odb10,95,95,0,2.2,2.8,1706,49445812,12178,"Hill et al, 2023",GCA_027942845.1,ASM2794284v1,Colletotrichum fioriniae,IMI 355084,"Annotation submitted by Royal Botanic Gardens, Kew",49445812,Scaffold,1/23/23,JAPUFF01,2983733,2983733,Illumina NovaSeq; Oxford Nanopore MinION,"Royal Botanic Gardens, Kew",PRJNA786750,SAMN30184415,12178,11830,NA
Colletotrichum fioriniae,Glomerellales,Glomerellaceae,Colletotrichum,fioriniae,Colletotrichum fioriniae,Colfi1,Colfi1.aa,acutatum,Fragaria x ananassa,eudicot,plant,plant,terrestrial,New Zealand,plant pathogen,Pathotroph-Symbiotroph,Endophyte-Plant Pathogen,Colletotrichum fioriniae (JGI),ref,ascomycota_odb10,98.8,98.7,0.1,0.3,0.9,1706,49002765,13759,"Baroncelli R et al., 2014",GCA_000582985.1,CFIO01,Colletotrichum fioriniae PJ7,PJ7,Annotation submitted by Universidad de Salamanca,49002765,Scaffold,2/27/14,JARH01,34930,137254,Illumina HiSeq,Universidad de Salamanca,PRJNA233987,SAMN02580179,13759,13759,NA
Colletotrichum gloeosporioides,Glomerellales,Glomerellaceae,Colletotrichum,gloeosporioides,Colletotrichum gloeosporioides,GCA_011800055.1,GCA_011800055.1.aa,gloeosporioides,Liriodendron chinense,magnoliid,plant,plant,terrestrial,China,plant pathogen,Pathotroph-Symbiotroph,Endophyte-Plant Pathogen,Colletotrichum gloeosporioides (GCA_011800055.1),ref,ascomycota_odb10,97.2,96.8,0.4,0.2,2.6,1706,61904035,15672,"Fu et al, 2020 Phytopathology",GCA_011800055.1,NFU_CgLc1_1.0,Colletotrichum gloeosporioides,Lc1,Annotation submitted by Nanjing Forestry University,61904035,Scaffold,3/31/20,WVTB01,429093,709944,PacBio; Illumina HiSeq,Nanjing Forestry University,PRJNA577812,SAMN13038012,15672,15373,299
Colletotrichum gloeosporioides,Glomerellales,Glomerellaceae,Colletotrichum,gloeosporioides,Colletotrichum gloeosporioides,Colgl1,Colgl1.aa,gloeosporioides,Persea americana,magnoliid,plant,plant,terrestrial,Israel,plant pathogen,Pathotroph-Symbiotroph,Endophyte-Plant Pathogen,Colletotrichum gloeosporioides (JGI),ref,ascomycota_odb10,87.5,87.3,0.2,3.3,9.2,1706,53209944,16538,"Alkan N et al., 2013",GCA_000446055.1,Colletotrichum gloeosporioides1,Colletotrichum gloeosporioides Cg-14,Cg-14,"Annotation submitted by Agricultural Research Organization, the Volcani Center, Bet Dagan 50250, Israel",53209944,Contig,8/13/13,AMYD01,25337,NA,454,"Agricultural Research Organization, the Volcani Center, Bet Dagan 50250, Israel",PRJNA176412,SAMN02981466,16538,16538,NA
Colletotrichum godetiae CBS 193.32,Glomerellales,Glomerellaceae,Colletotrichum,godetiae,Colletotrichum godetiae,Colgo1,Colgo1.aa,acutatum,Olea europaea,eudicot,plant,plant,terrestrial,Italy,plant pathogen,Pathotroph-Symbiotroph,Endophyte-Plant Pathogen,Colletotrichum godetiae CBS193.32 (JGI),ref,ascomycota_odb10,98.7,98.4,0.3,0.5,0.8,1706,51652851,16071,"Baroncelli et al, 2022",GCA_030913485.1,Colgo1,Colletotrichum godetiae,CBS 193.32,Annotation submitted by DOE Joint Genome Institute,51652851,Contig,8/24/23,JAHMHR01,737523,NA,PacBio,DOE Joint Genome Institute,PRJNA333328,SAMN05446267,16406,16071,4
Colletotrichum graminicola,Glomerellales,Glomerellaceae,Colletotrichum,graminicola,Colletotrichum graminicola,GCA_029226625.1,GCA_029226625.1.aa,graminicola,Zea Mays,monocot,plant,plant,terrestrial,USA,plant pathogen,Pathotroph-Symbiotroph,Endophyte-Plant Pathogen,Colletotrichum graminicola (GCA_029226625.1),ref,ascomycota_odb10,97.3,97.1,0.2,1.5,1.2,1706,57426633,15185,Becerra et al 2023 Frontiers,GCA_029226625.1,ASM2922662v1,Colletotrichum graminicola,M1.001,Annotation submitted by University of Salamanca,57426633,Chromosome,3/16/23,,5007504,6444216,PacBio RSII; Illumina NovaSeq,University of Salamanca,PRJNA900520,SAMN31693333,15185,15139,NA
Colletotrichum higginsianum,Glomerellales,Glomerellaceae,Colletotrichum,higginsianum,Colletotrichum higginsianum,GCA_004920355.1,GCA_004920355.1.aa,destructivum,Brassica rapa var. perviridis,eudicot,plant,plant,terrestrial,Japan,plant pathogen,Pathotroph-Symbiotroph,Endophyte-Plant Pathogen,Colletotrichum higginsianum (GCA_004920355.1),ref,ascomycota_odb10,98.6,98.1,0.5,0.6,0.8,1706,49786461,12924,"Tsushima et al, 2019 Genome Bio Evol",GCA_004920355.1,ASM492035v1,Colletotrichum higginsianum,MAFF305635-RFP,Annotation submitted by RIKEN,49786461,Contig,4/29/19,MWPZ01,5064939,NA,PacBio,RIKEN,PRJNA352900,SAMN06008763,12924,12915,1
Colletotrichum higginsianum,Glomerellales,Glomerellaceae,Colletotrichum,higginsianum,Colletotrichum higginsianum,Colhig2,Colhig2.aa,destructivum,Brassica rapa subsp. chinensis,eudicot,plant,plant,terrestrial,Trinidad and Tobago,plant pathogen,Pathotroph-Symbiotroph,Endophyte-Plant Pathogen,Colletotrichum higginsianum (JGI),ref,ascomycota_odb10,98.3,97.9,0.4,0.5,1.2,1706,50716103,14651,"Zampounis A et al., 2016",GCA_001672515.1,ASM167251v1,Colletotrichum higginsianum IMI 349063,IMI 349063,Annotation submitted by GATC Biotech AG,50716103,Chromosome,6/21/16,LTAN01,5201688,5201688,PacBio P5-C3 chemistry,GATC Biotech AG,PRJNA47061,SAMN04420120,14651,14651,NA
Colletotrichum incanum,Glomerellales,Glomerellaceae,Colletotrichum,incanum,Colletotrichum incanum,GCA_001625285.1,GCA_001625285.1.aa,spaethianum,Raphanus sativus L. Daikon Group,eudicot,plant,plant,terrestrial,Japan,plant pathogen,Pathotroph-Symbiotroph,Endophyte-Plant Pathogen,Colletotrichum incanum (GCA_001625285.1),ref,ascomycota_odb10,92.8,92.4,0.4,0.2,7,1706,53597417,12809,"Hacquard S et al., 2016",GCA_001625285.1,Ci238704v1,Colletotrichum incanum,MAFF 238704,Annotation submitted by Max Planck Genome Center Cologne,53597417,Scaffold,4/19/16,LFIW01,177164,177164,Illumina HiSeq,Max Planck Genome Center Cologne,PRJNA286717,SAMN03769590,12809,12809,NA
Colletotrichum incanum,Glomerellales,Glomerellaceae,Colletotrichum,incanum,Colletotrichum incanum,Colin1,Colin1.aa,spaethianum,Raphanus sativus,eudicot,plant,plant,terrestrial,Japan,plant pathogen,Pathotroph-Symbiotroph,Endophyte-Plant Pathogen,Colletotrichum incanum (JGI),ref,ascomycota_odb10,97.4,97,0.4,0.3,2.3,1706,53254579,11852,"Gan P et al., 2016",GCA_001855235.1,ASM185523v1,Colletotrichum incanum,MAFF238712,Annotation submitted by RIKEN Yokohama Institute,53254579,Scaffold,10/27/16,JTLR01,39757,292512,Illumina GAIIx,RIKEN Yokohama Institute,PRJNA267650,SAMN03199084,12001,11852,NA
Colletotrichum lupini,Glomerellales,Glomerellaceae,Colletotrichum,lupini,Colletotrichum lupini,Collu1,Collu1.aa,acutatum,Lupinus albus,eudicot,plant,plant,terrestrial,Ukraine,plant pathogen,Pathotroph-Symbiotroph,Endophyte-Plant Pathogen,Colletotrichum lupini (JGI),ref,ascomycota_odb10,98.6,98.5,0.1,0.5,0.9,1706,58756634,15365,"Baroncelli et al, 2022",GCA_030913515.1,Collu1,Colletotrichum lupini,CBS 109225,Annotation submitted by DOE Joint Genome Institute,58756634,Contig,8/24/23,JAHMHT01,918987,NA,PacBio,DOE Joint Genome Institute,PRJNA333340,SAMN05446214,15706,15365,8
Colletotrichum melonis,Glomerellales,Glomerellaceae,Colletotrichum,melonis,Colletotrichum melonis,Colme1,Colme1.aa,acutatum,Malus domestica,eudicot,plant,plant,terrestrial,Brazil,plant pathogen,Pathotroph-Symbiotroph,Endophyte-Plant Pathogen,Colletotrichum melonis (JGI),ref,ascomycota_odb10,99.3,99.2,0.1,0.2,0.5,1706,50135825,16823,"Baroncelli et al, 2022",GCA_030868995.1,CMEL01,Colletotrichum melonis,Col 31,Annotation submitted by University of Western Brittany,50135825,Scaffold,8/24/23,MLGG01,2830390,2830390,Illumina MiSeq,University of Western Brittany,PRJNA348398,SAMN05908173,16823,16823,NA
Colletotrichum musicola,Glomerellales,Glomerellaceae,Colletotrichum,musicola,Colletotrichum musicola,GCA_014235935.1,GCA_014235935.1.aa,orchidearum,Glycine max,eudicot,plant,plant,terrestrial,Brazil,plant pathogen,Pathotroph-Symbiotroph,Endophyte-Plant Pathogen,Colletotrichum musicola (GCA_014235935.1),ref,ascomycota_odb10,99.1,98.9,0.2,0.3,0.6,1706,52725698,16826,"Rogerio et al, 2020",GCA_014235935.1,CMUS01,Colletotrichum musicola,LFN0074,Annotation submitted by University of Salamanca,52725698,Scaffold,8/18/20,WIGM01,41073,46381,Illumina MiSeq,University of Salamanca,PRJNA577394,SAMN13025166,16826,16826,NA
Colletotrichum navitas,Glomerellales,Glomerellaceae,Colletotrichum,navitas,Colletotrichum navitas,Colna1,Colna1.aa,graminicola,Panicum virgatum,monocot,plant,plant,terrestrial,USA,plant pathogen,Pathotroph-Symbiotroph,Endophyte-Plant Pathogen,Colletotrichum navitas (JGI),ref,ascomycota_odb10,99.2,99,0.2,0.2,0.6,1706,52434554,14682,"Baroncelli et al, 2022",GCA_030913465.1,Colna1,Colletotrichum navitas,CBS 125086,Annotation submitted by DOE Joint Genome Institute,52434554,Contig,8/24/23,JAHLJV01,318299,NA,PacBio,DOE Joint Genome Institute,PRJNA262371,SAMN05660908,14965,14680,4
Colletotrichum nymphaeae,Glomerellales,Glomerellaceae,Colletotrichum,nymphaeae,Colletotrichum nymphaeae,Colny1,Colny1.aa,acutatum,Fragaria x ananassa,eudicot,plant,plant,terrestrial,Denmark,plant pathogen,Pathotroph-Symbiotroph,Endophyte-Plant Pathogen,Colletotrichum nymphaeae (JGI),ref,ascomycota_odb10,97.8,97.7,0.1,0.9,1.3,1706,49956273,14404,"Baroncelli R et al., 2016",GCA_001563115.1,CNYM01,Colletotrichum nymphaeae SA-01,SA-01,Annotation submitted by Universidad de Salamanca,49956273,Scaffold,2/17/16,JEMN01,75338,91051,Illumina,Universidad de Salamanca,PRJNA237763,SAMN02639527,14404,14404,NA
Colletotrichum orbiculare,Glomerellales,Glomerellaceae,Colletotrichum,orbiculare,Colletotrichum orbiculare,Colorb1,Colorb1.aa,orbiculare,Cucumis sativus,eudicot,plant,plant,terrestrial,Japan,plant pathogen,Pathotroph-Symbiotroph,Endophyte-Plant Pathogen,Colletotrichum orbiculare (JGI),ref,ascomycota_odb10,98.4,98.2,0.2,0.4,1.2,1706,89748316,14496,"Gan P et al., 2013",GCA_000350065.2,KSG_Corb_v2,Colletotrichum orbiculare MAFF 240422,104-T,Annotation submitted by RIKEN Plant Science Center,89748316,Scaffold,3/22/19,AMCV02,50717,2078754,PacBio RSII; Illumina GAIIx; 454,RIKEN Plant Science Center,PRJNA171217,SAMN02981452,13253,13253,NA
Colletotrichum orchidophilum,Glomerellales,Glomerellaceae,Colletotrichum,orchidophilum,Colletotrichum orchidophilum,Color1,Color1.aa,none,Phalaenopsis sp.,monocot,plant,plant,terrestrial,United Kingdom,plant pathogen,Pathotroph-Symbiotroph,Endophyte-Plant Pathogen,Colletotrichum orchidophilum (JGI),ref,ascomycota_odb10,99.5,99.4,0.1,0.1,0.4,1706,48556462,13348,"Baroncelli R et al., 2018",GCA_001831195.1,CORC01,Colletotrichum orchidophilum,IMI 309357,Annotation submitted by University of Western Brittany,48556462,Scaffold,10/21/16,MJBS01,284473,284473,Illumina HiSeq,University of Western Brittany,PRJNA342923,SAMN05771038,14496,14496,NA
Colletotrichum paranaense,Glomerellales,Glomerellaceae,Colletotrichum,paranaense,Colletotrichum paranaense,Colpa1,Colpa1.aa,acutatum,Caryocar brasiliense,eudicot,plant,plant,terrestrial,Brazil,plant pathogen,Pathotroph-Symbiotroph,Endophyte-Plant Pathogen,Colletotrichum paranaense (JGI),ref,ascomycota_odb10,99.4,99.3,0.1,0.2,0.4,1706,49177916,16775,"Baroncelli et al, 2022",GCA_030867605.1,CPAR01,Colletotrichum paranaense,IMI 384185,Annotation submitted by University of Western Brittany,49177916,Contig,8/24/23,MOPA01,3374443,NA,Illumina MiSeq,University of Western Brittany,PRJNA350896,SAMN05949356,16775,16775,NA
Colletotrichum phormii CBS 102054,Glomerellales,Glomerellaceae,Colletotrichum,phormii,Colletotrichum phormii,Colph1,Colph1.aa,acutatum,Phormium sp.,monocot,plant,plant,terrestrial,New Zealand,plant pathogen,Pathotroph-Symbiotroph,Endophyte-Plant Pathogen,Colletotrichum phormii CBS102054 (JGI),ref,ascomycota_odb10,99.3,99.1,0.2,0.2,0.5,1706,51666170,15209,"Baroncelli et al, 2022",GCA_030913505.1,Colph1,Colletotrichum phormii,CBS 102054,Annotation submitted by DOE Joint Genome Institute,51666170,Contig,8/24/23,JAHMHQ01,1798794,NA,PacBio,DOE Joint Genome Institute,PRJNA333354,SAMN05442991,15598,15209,17
Colletotrichum plurivorum,Glomerellales,Glomerellaceae,Colletotrichum,plurivorum,Colletotrichum plurivorum,GCA_014235945.1,GCA_014235945.1.aa,orchidearum,Glycine max,eudicot,plant,plant,terrestrial,Brazil,plant pathogen,Pathotroph-Symbiotroph,Endophyte-Plant Pathogen,Colletotrichum plurivorum (GCA_014235945.1),ref,ascomycota_odb10,99.4,99.2,0.2,0.2,0.4,1706,49703650,16153,"Rogerio et al, 2020",GCA_014235945.1,CPLU01,Colletotrichum plurivorum,LFN00145,Annotation submitted by University of Salamanca,49703650,Scaffold,8/18/20,WIGO01,112734,130438,Illumina MiSeq,University of Salamanca,PRJNA577396,SAMN13025176,16153,16153,NA
Colletotrichum salicis,Glomerellales,Glomerellaceae,Colletotrichum,salicis,Colletotrichum salicis,Colsa1,Colsa1.aa,acutatum,Salix sp.,eudicot,plant,plant,terrestrial,Neatherlands,plant pathogen,Pathotroph-Symbiotroph,Endophyte-Plant Pathogen,Colletotrichum salicis (JGI),ref,ascomycota_odb10,98.4,98.3,0.1,0.5,1.1,1706,48373413,13783,"Baroncelli R et al., 2016",GCA_001563125.1,CSAL01,Colletotrichum salicis,CBS 607.94,Annotation submitted by Universidad de Salamanca,48373413,Scaffold,2/17/16,JFFI01,25648,46166,Illumina,Universidad de Salamanca,PRJNA238477,SAMN02644731,13783,13783,NA
Colletotrichum scovillei,Glomerellales,Glomerellaceae,Colletotrichum,scovillei,Colletotrichum scovillei,GCA_018906675.1,GCA_018906675.1.aa,acutatum,Capsicum sp.,eudicot,plant,plant,terrestrial,Taiwan,plant pathogen,Pathotroph-Symbiotroph,Endophyte-Plant Pathogen,Colletotrichum scovillei (GCA_018906675.1),ref,ascomycota_odb10,97.1,97,0.1,0.2,2.7,1706,49921975,15387,"Hsieh et al 2022, Frontiers",GCA_018906675.1,ASM1890667v1,Colletotrichum scovillei,Coll-365,"Annotation submitted by Ph.D. Program in Microbial Genomics, National Chung Hsing University and Academia Sinica, Taiwan.",49921975,Scaffold,6/16/21,JAESDO01,3528503,3528503,Illumina GAII,"Ph.D. Program in Microbial Genomics, National Chung Hsing University and Academia Sinica, Taiwan.",PRJNA692809,SAMN17370812,15387,15385,2
Colletotrichum scovillei,Glomerellales,Glomerellaceae,Colletotrichum,scovillei,Colletotrichum scovillei,GCA_018906765.1,GCA_018906765.1.aa,acutatum,Capsicum sp.,eudicot,plant,plant,terrestrial,Taiwan,plant pathogen,Pathotroph-Symbiotroph,Endophyte-Plant Pathogen,Colletotrichum scovillei (GCA_018906765.1),ref,ascomycota_odb10,97.1,97,0.1,0.2,2.7,1706,50113654,15432,"Hsieh et al 2022, Frontiers",GCA_018906765.1,ASM1890676v1,Colletotrichum scovillei,Coll-153,"Annotation submitted by Ph.D. Program in Microbial Genomics, National Chung Hsing University and Academia Sinica, Taiwan.",50113654,Scaffold,6/16/21,JAESDN01,3536762,3536762,Illumina GAII,"Ph.D. Program in Microbial Genomics, National Chung Hsing University and Academia Sinica, Taiwan.",PRJNA692809,SAMN17370811,15432,15431,1
Colletotrichum scovillei,Glomerellales,Glomerellaceae,Colletotrichum,scovillei,Colletotrichum scovillei,GCA_018907675.1,GCA_018907675.1.aa,acutatum,Capsicum sp.,eudicot,plant,plant,terrestrial,Taiwan,plant pathogen,Pathotroph-Symbiotroph,Endophyte-Plant Pathogen,Colletotrichum scovillei (GCA_018907675.1),ref,ascomycota_odb10,97.1,97,0.1,0.2,2.7,1706,51490565,15626,"Hsieh et al 2022, Frontiers",GCA_018907675.1,ASM1890767v1,Colletotrichum scovillei,Coll-524,"Annotation submitted by Ph.D. Program in Microbial Genomics, National Chung Hsing University and Academia Sinica, Taiwan.",51490565,Scaffold,6/16/21,JAESDM01,318605,3597184,Illumina HiSeq,"Ph.D. Program in Microbial Genomics, National Chung Hsing University and Academia Sinica, Taiwan.",PRJNA692809,SAMN17370810,15626,15625,1
Colletotrichum scovillei,Glomerellales,Glomerellaceae,Colletotrichum,scovillei,Colletotrichum scovillei,GCA_011075155.1,GCA_011075155.1.aa,acutatum,Capsicum annuum,eudicot,plant,plant,terrestrial,China,plant pathogen,Pathotroph-Symbiotroph,Endophyte-Plant Pathogen,Colletotrichum scovillei (GCA_011075155.1),ref,ascomycota_odb10,98.7,98.1,0.6,0.3,1,1706,52001227,13459,"Huo et al, 2021, Mol Plant Micro",GCA_011075155.1,ASM1107515v1,Colletotrichum scovillei,TJNH1,Annotation submitted by Tianjin Institute of Plant Protection,52001227,Contig,3/9/20,JAAJBS01,4871440,NA,Oxford Nanopore PromethION,Tianjin Institute of Plant Protection,PRJNA605574,SAMN14073982,13459,13419,NA
Colletotrichum shisoi,Glomerellales,Glomerellaceae,Colletotrichum,shisoi,Colletotrichum shisoi,GCA_006783085.1,GCA_006783085.1.aa,destructivum,Perilla frutescens var. crispa,eudicot,plant,plant,terrestrial,Japan,plant pathogen,Pathotroph-Symbiotroph,Endophyte-Plant Pathogen,Colletotrichum shisoi (GCA_006783085.1),ref,ascomycota_odb10,98,97.8,0.2,0.5,1.5,1706,69667657,11848,"Gan et al 2019, Sci Rep",GCA_006783085.1,ASM678308v1,Colletotrichum shisoi,PG-2018a,Annotation submitted by RIKEN,69667657,Scaffold,7/9/19,PUHP01,8230,14839,Illumina HiSeq,RIKEN,PRJNA431477,SAMN08389744,11848,11848,NA
Colletotrichum simmondsii,Glomerellales,Glomerellaceae,Colletotrichum,simmondsii,Colletotrichum simmondsii,Colsi1,Colsi1.aa,acutatum,Carica papaya,eudicot,plant,plant,terrestrial,Austrailia,plant pathogen,Pathotroph-Symbiotroph,Endophyte-Plant Pathogen,Colletotrichum simmondsii (JGI),ref,ascomycota_odb10,98.4,98.3,0.1,0.5,1.1,1706,50474234,13884,"Baroncelli R et al., 2016",GCA_001563135.1,CSIM01,Colletotrichum simmondsii,CBS122122,Annotation submitted by Universidad de Salamanca,50474234,Scaffold,2/17/16,JFBX01,55252,292136,Illumina,Universidad de Salamanca,PRJNA239224,SAMN02650484,13884,13884,NA
Colletotrichum sojae,Glomerellales,Glomerellaceae,Colletotrichum,sojae,Colletotrichum sojae,GCA_014235955.1,GCA_014235955.1.aa,orchidearum,Glycine max,eudicot,plant,plant,terrestrial,Brazil,plant pathogen,Pathotroph-Symbiotroph,Endophyte-Plant Pathogen,Colletotrichum sojae (GCA_014235955.1),ref,ascomycota_odb10,99.5,99.3,0.2,0.2,0.3,1706,49351125,16124,"Rogerio et al, 2020",GCA_014235955.1,CSOJ01,Colletotrichum sojae,LFN0009,Annotation submitted by University of Salamanca,49351125,Scaffold,8/18/20,WIGN01,93216,104192,Illumina MiSeq,University of Salamanca,PRJNA577398,SAMN13025178,16124,16124,NA
Colletotrichum somersetensis,Glomerellales,Glomerellaceae,Colletotrichum,somersetensis,Colletotrichum somersetensis,Colso1,Colso1.aa,graminicola,Sorghastrum nutans,monocot,plant,plant,terrestrial,USA,plant pathogen,Pathotroph-Symbiotroph,Endophyte-Plant Pathogen,Colletotrichum somersetensis (JGI),ref,ascomycota_odb10,99.5,99.2,0.3,0.2,0.3,1706,53667270,15193,"Baroncelli et al, 2022",GCA_030867255.1,Colso1,Colletotrichum somersetense,CBS 131599,Annotation submitted by DOE Joint Genome Institute,53667270,Scaffold,8/22/23,JAHMAE01,117922,180118,Illumina,DOE Joint Genome Institute,PRJNA262441,SAMN05660317,15475,15191,2
Colletotrichum sp. CLE4,Glomerellales,Glomerellaceae,Colletotrichum,sp.,Colletotrichum sp.,Seagrass,Seagrass.aa,acutatum,Zostera marina,monocot,plant,plant,marine,USA,endophyte,Pathotroph-Symbiotroph,Endophyte-Plant Pathogen,Colletotrichum sp. CLE4 (this study),study,ascomycota_odb10,97.9,97.8,0.1,0.9,1.2,1706,48026924,12015,This study,NA,NA,Colletotrichum sp. CLE4,CLE4,NA,48026924,Contig,NA,NA,506655,NA,Illumina HiSeq,NA,NA,NA,12015,11678,NA
Colletotrichum sp. SAR 10_65,Glomerellales,Glomerellaceae,Colletotrichum,siamense,Colletotrichum siamense,GCA_025328335.1,GCA_025328335.1.aa,gloeosporioides,Hevea brasiliensis,eudicot,plant,plant,terrestrial,Cameroon,endophyte,Pathotroph-Symbiotroph,Endophyte-Plant Pathogen,Colletotrichum sp. SAR 10_65 (GCA_025328335.1),ref,ascomycota_odb10,94.8,94.4,0.4,2.2,3,1706,59664880,13322,"Rehner et al 2023, MRA",GCA_025328335.1,ASM2532833v1,Colletotrichum sp. SAR 10_65,SAR 10_65,Annotation submitted by USDA-ARS-Beltsville Mycology and Nematology Genetic Diversity and Biology Laboratory,59664880,Contig,9/20/22,JAKMWQ01,121239,NA,Illumina MiSeq,USDA-ARS-Beltsville Mycology and Nematology Genetic Diversity and Biology Laboratory,PRJNA728692,SAMN19298813,13322,12928,NA
Colletotrichum sp. SAR 10_70,Glomerellales,Glomerellaceae,Colletotrichum,siamense,Colletotrichum siamense,GCA_025327165.1,GCA_025327165.1.aa,gloeosporioides,Hevea brasiliensis,eudicot,plant,plant,terrestrial,Cameroon,endophyte,Pathotroph-Symbiotroph,Endophyte-Plant Pathogen,Colletotrichum sp. SAR 10_70 (GCA_025327165.1),ref,ascomycota_odb10,96,95.8,0.2,1.6,2.4,1706,59535609,13280,"Rehner et al 2023, MRA",GCA_025327165.1,ASM2532716v1,Colletotrichum sp. SAR 10_70,SAR 10_70,Annotation submitted by USDA-ARS-Beltsville Mycology and Nematology Genetic Diversity and Biology Laboratory,59535609,Scaffold,9/20/22,JAKMWR01,132840,132840,Illumina MiSeq,USDA-ARS-Beltsville Mycology and Nematology Genetic Diversity and Biology Laboratory,PRJNA728692,SAMN19298815,13280,12888,NA
Colletotrichum sp. SAR 10_71,Glomerellales,Glomerellaceae,Colletotrichum,siamense,Colletotrichum siamense,GCA_025327135.1,GCA_025327135.1.aa,gloeosporioides,Hevea brasiliensis,eudicot,plant,plant,terrestrial,Cameroon,endophyte,Pathotroph-Symbiotroph,Endophyte-Plant Pathogen,Colletotrichum sp. SAR 10_71 (GCA_025327135.1),ref,ascomycota_odb10,96.1,95.8,0.3,1.5,2.4,1706,59858058,13270,"Rehner et al 2023, MRA",GCA_025327135.1,ASM2532713v1,Colletotrichum sp. SAR 10_71,SAR 10_71,Annotation submitted by USDA-ARS-Beltsville Mycology and Nematology Genetic Diversity and Biology Laboratory,59858058,Scaffold,9/20/22,JAKMWS01,118449,118449,Illumina MiSeq,USDA-ARS-Beltsville Mycology and Nematology Genetic Diversity and Biology Laboratory,PRJNA728692,SAMN19298816,13270,12879,NA
Colletotrichum sp. SAR 10_75,Glomerellales,Glomerellaceae,Colletotrichum,siamense,Colletotrichum siamense,GCA_025327155.1,GCA_025327155.1.aa,gloeosporioides,Hevea brasiliensis,eudicot,plant,plant,terrestrial,Cameroon,endophyte,Pathotroph-Symbiotroph,Endophyte-Plant Pathogen,Colletotrichum sp. SAR 10_75 (GCA_025327155.1),ref,ascomycota_odb10,95.9,95.7,0.2,1.4,2.7,1706,60807691,13399,"Rehner et al 2023, MRA",GCA_025327155.1,ASM2532715v1,Colletotrichum sp. SAR 10_75,SAR 10_75,Annotation submitted by USDA-ARS-Beltsville Mycology and Nematology Genetic Diversity and Biology Laboratory,60807691,Scaffold,9/20/22,JAKMWT01,142260,143811,Illumina MiSeq,USDA-ARS-Beltsville Mycology and Nematology Genetic Diversity and Biology Laboratory,PRJNA728692,SAMN19298817,13399,13005,NA
Colletotrichum sp. SAR 10_76,Glomerellales,Glomerellaceae,Colletotrichum,siamense,Colletotrichum siamense,GCA_025327145.1,GCA_025327145.1.aa,gloeosporioides,Hevea brasiliensis,eudicot,plant,plant,terrestrial,Cameroon,endophyte,Pathotroph-Symbiotroph,Endophyte-Plant Pathogen,Colletotrichum sp. SAR 10_76 (GCA_025327145.1),ref,ascomycota_odb10,96,95.8,0.2,1.3,2.7,1706,60132265,13310,"Rehner et al 2023, MRA",GCA_025327145.1,ASM2532714v1,Colletotrichum sp. SAR 10_76,SAR 10_76,Annotation submitted by USDA-ARS-Beltsville Mycology and Nematology Genetic Diversity and Biology Laboratory,60132265,Contig,9/20/22,JAKMWU01,115369,NA,Illumina MiSeq,USDA-ARS-Beltsville Mycology and Nematology Genetic Diversity and Biology Laboratory,PRJNA728692,SAMN19298818,13310,12916,NA
Colletotrichum sp. SAR 10_77,Glomerellales,Glomerellaceae,Colletotrichum,siamense,Colletotrichum siamense,GCA_025330015.1,GCA_025330015.1.aa,gloeosporioides,Hevea brasiliensis,eudicot,plant,plant,terrestrial,Cameroon,endophyte,Pathotroph-Symbiotroph,Endophyte-Plant Pathogen,Colletotrichum sp. SAR 10_77 (GCA_025330015.1),ref,ascomycota_odb10,95.3,95.1,0.2,1.8,2.9,1706,60541510,13340,"Rehner et al 2023, MRA",GCA_025330015.1,ASM2533001v1,Colletotrichum sp. SAR 10_77,SAR 10_77,Annotation submitted by USDA-ARS-Beltsville Mycology and Nematology Genetic Diversity and Biology Laboratory,60541510,Scaffold,9/20/22,JAKMWV01,116320,116320,Illumina MiSeq,USDA-ARS-Beltsville Mycology and Nematology Genetic Diversity and Biology Laboratory,PRJNA728692,SAMN19298819,13340,12950,NA
Colletotrichum sp. SAR 10_86,Glomerellales,Glomerellaceae,Colletotrichum,siamense,Colletotrichum siamense,GCA_025327125.1,GCA_025327125.1.aa,gloeosporioides,Hevea brasiliensis,eudicot,plant,plant,terrestrial,Cameroon,endophyte,Pathotroph-Symbiotroph,Endophyte-Plant Pathogen,Colletotrichum sp. SAR 10_86 (GCA_025327125.1),ref,ascomycota_odb10,94.5,94.2,0.3,2,3.5,1706,60722520,13341,"Rehner et al 2023, MRA",GCA_025327125.1,ASM2532712v1,Colletotrichum sp. SAR 10_86,SAR 10_86,Annotation submitted by USDA-ARS-Beltsville Mycology and Nematology Genetic Diversity and Biology Laboratory,60722520,Scaffold,9/20/22,JAKMWW01,96072,96072,Illumina MiSeq,USDA-ARS-Beltsville Mycology and Nematology Genetic Diversity and Biology Laboratory,PRJNA728692,SAMN19298820,13341,12940,NA
Colletotrichum sp. SAR 10_96,Glomerellales,Glomerellaceae,Colletotrichum,aeschynomenes,Colletotrichum aeschynomenes,GCA_025329375.1,GCA_025329375.1.aa,gloeosporioides,Hevea brasiliensis,eudicot,plant,plant,terrestrial,Peru,endophyte,Pathotroph-Symbiotroph,Endophyte-Plant Pathogen,Colletotrichum sp. SAR 10_96 (GCA_025329375.1),ref,ascomycota_odb10,95.7,95.4,0.3,1.6,2.7,1706,56155263,13096,"Rehner et al 2023, MRA",GCA_025329375.1,ASM2532937v1,Colletotrichum sp. SAR 10_96,SAR 10_96,Annotation submitted by USDA-ARS-Beltsville Mycology and Nematology Genetic Diversity and Biology Laboratory,56155263,Contig,9/20/22,JAKMWX01,100534,NA,Illumina MiSeq,USDA-ARS-Beltsville Mycology and Nematology Genetic Diversity and Biology Laboratory,PRJNA728692,SAMN19298821,13096,12714,NA
Colletotrichum sp. SAR 10_98,Glomerellales,Glomerellaceae,Colletotrichum,aeschynomenes,Colletotrichum aeschynomenes,GCA_025329385.1,GCA_025329385.1.aa,gloeosporioides,Hevea brasiliensis,eudicot,plant,plant,terrestrial,Peru,endophyte,Pathotroph-Symbiotroph,Endophyte-Plant Pathogen,Colletotrichum sp. SAR 10_98 (GCA_025329385.1),ref,ascomycota_odb10,96,95.7,0.3,1.5,2.5,1706,56034424,13072,"Rehner et al 2023, MRA",GCA_025329385.1,ASM2532938v1,Colletotrichum sp. SAR 10_98,SAR 10_98,Annotation submitted by USDA-ARS-Beltsville Mycology and Nematology Genetic Diversity and Biology Laboratory,56034424,Contig,9/20/22,JAKMWY01,116100,NA,Illumina MiSeq,USDA-ARS-Beltsville Mycology and Nematology Genetic Diversity and Biology Laboratory,PRJNA728692,SAMN19298822,13072,12689,NA
Colletotrichum sp. SAR11_239,Glomerellales,Glomerellaceae,Colletotrichum,siamense,Colletotrichum siamense,GCA_025328985.1,GCA_025328985.1.aa,gloeosporioides,Theobroma cacao,eudicot,plant,plant,terrestrial,Indonesia,endophyte,Pathotroph-Symbiotroph,Endophyte-Plant Pathogen,Colletotrichum sp. SAR11_239 (GCA_025328985.1),ref,ascomycota_odb10,96.4,96.2,0.2,1.4,2.2,1706,58100508,13277,"Rehner et al 2023, MRA",GCA_025328985.1,ASM2532898v1,Colletotrichum sp. SAR11_239,SAR11_239,Annotation submitted by USDA-ARS-Beltsville Mycology and Nematology Genetic Diversity and Biology Laboratory,58100508,Scaffold,9/20/22,JAKMWZ01,145788,145788,Illumina MiSeq,USDA-ARS-Beltsville Mycology and Nematology Genetic Diversity and Biology Laboratory,PRJNA728692,SAMN19298829,13277,12877,NA
Colletotrichum sp. SAR11_240,Glomerellales,Glomerellaceae,Colletotrichum,asianum,Colletotrichum asianum,GCA_025328625.1,GCA_025328625.1.aa,gloeosporioides,Theobroma cacao,eudicot,plant,plant,terrestrial,Indonesia,endophyte,Pathotroph-Symbiotroph,Endophyte-Plant Pathogen,Colletotrichum sp. SAR11_240 (GCA_025328625.1),ref,ascomycota_odb10,96,95.8,0.2,1.6,2.4,1706,60035199,13404,"Rehner et al 2023, MRA",GCA_025328625.1,ASM2532862v1,Colletotrichum sp. SAR11_240,SAR11_240,Annotation submitted by USDA-ARS-Beltsville Mycology and Nematology Genetic Diversity and Biology Laboratory,60035199,Scaffold,9/20/22,JAKMXA01,134203,134203,Illumina MiSeq,USDA-ARS-Beltsville Mycology and Nematology Genetic Diversity and Biology Laboratory,PRJNA728692,SAMN19298830,13404,13003,NA
Colletotrichum sp. SAR11_57,Glomerellales,Glomerellaceae,Colletotrichum,fructicola,Colletotrichum fructicola,GCA_025328355.1,GCA_025328355.1.aa,gloeosporioides,Persea americana,magnoliid,plant,plant,terrestrial,Panama,endophyte,Pathotroph-Symbiotroph,Endophyte-Plant Pathogen,Colletotrichum sp. SAR11_57 (GCA_025328355.1),ref,ascomycota_odb10,96.2,96.1,0.1,0.9,2.9,1706,55451972,13172,"Rehner et al 2023, MRA",GCA_025328355.1,ASM2532835v1,Colletotrichum sp. SAR11_57,SAR11_57,Annotation submitted by USDA-ARS-Beltsville Mycology and Nematology Genetic Diversity and Biology Laboratory,55451972,Scaffold,9/20/22,JAKMXB01,97317,97546,Illumina MiSeq,USDA-ARS-Beltsville Mycology and Nematology Genetic Diversity and Biology Laboratory,PRJNA728692,SAMN19298831,13172,12780,NA
Colletotrichum sp. SAR11_59,Glomerellales,Glomerellaceae,Colletotrichum,asianum,Colletotrichum asianum,GCA_025328345.1,GCA_025328345.1.aa,gloeosporioides,Mangifera indica,eudicot,plant,plant,terrestrial,Panama,endophyte,Pathotroph-Symbiotroph,Endophyte-Plant Pathogen,Colletotrichum sp. SAR11_59 (GCA_025328345.1),ref,ascomycota_odb10,94.8,94.5,0.3,1.8,3.4,1706,65090038,13192,"Rehner et al 2023, MRA",GCA_025328345.1,ASM2532834v1,Colletotrichum sp. SAR11_59,SAR11_59,Annotation submitted by USDA-ARS-Beltsville Mycology and Nematology Genetic Diversity and Biology Laboratory,65090038,Scaffold,9/20/22,JAKMXC01,80323,80713,Illumina MiSeq,USDA-ARS-Beltsville Mycology and Nematology Genetic Diversity and Biology Laboratory,PRJNA728692,SAMN19298832,13192,12794,NA
Colletotrichum sublineola,Glomerellales,Glomerellaceae,Colletotrichum,sublineola,Colletotrichum sublineola,Colsu1,Colsu1.aa,graminicola,Sorghum vulgare,monocot,plant,plant,terrestrial,Burkina Faso,plant pathogen,Pathotroph-Symbiotroph,Endophyte-Plant Pathogen,Colletotrichum sublineola (JGI),ref,ascomycota_odb10,98.9,98.6,0.3,0.4,0.7,1706,46916122,15208,"Baroncelli et al, 2022",GCA_030867325.1,Colsu1,Colletotrichum sublineola,S3.001,Annotation submitted by DOE Joint Genome Institute,46916122,Scaffold,8/22/23,JAHMHV01,63545,83759,Illumina,DOE Joint Genome Institute,PRJNA262370,SAMN05660384,15508,15206,3
Colletotrichum sublineola,Glomerellales,Glomerellaceae,Colletotrichum,sublineola,Colletotrichum sublineola,Colsub1,Colsub1.aa,graminicola,Sorghum vulgare,monocot,plant,plant,terrestrial,USA,plant pathogen,Pathotroph-Symbiotroph,Endophyte-Plant Pathogen,Colletotrichum sublineola (JGI),ref,ascomycota_odb10,98.7,98.5,0.2,0.5,0.8,1706,46755813,12699,"Baroncelli R et al., 2014",GCA_000696135.1,ASM69613v1,Colletotrichum sublineola,TX430BB,Annotation submitted by Universidad de Salamanca,46755813,Scaffold,5/27/14,JMSE01,13516,70717,Illumina GAII,Universidad de Salamanca,PRJNA246670,SAMN02769489,12699,12699,NA
Colletotrichum tamarilloi,Glomerellales,Glomerellaceae,Colletotrichum,tamarilloi,Colletotrichum tamarilloi,Colta1,Colta1.aa,acutatum,Solanum betaceum,eudicot,plant,plant,terrestrial,Colombia,plant pathogen,Pathotroph-Symbiotroph,Endophyte-Plant Pathogen,Colletotrichum tamarilloi (JGI),ref,ascomycota_odb10,99.7,99.6,0.1,0.1,0.2,1706,52071711,17399,"Baroncelli et al, 2022",GCA_030869305.1,CTAM01,Colletotrichum tamarilloi,Tom-12,Annotation submitted by University of Western Brittany,52071711,Scaffold,8/24/23,MLFU01,410822,410822,Illumina MiSeq,University of Western Brittany,PRJNA348678,SAMN05913735,17397,17397,NA
Colletotrichum tanaceti,Glomerellales,Glomerellaceae,Colletotrichum,tanaceti,Colletotrichum tanaceti,GCA_005350895.1,GCA_005350895.1.aa,destructivum,Tanacetum cinerariifolim,eudicot,plant,plant,terrestrial,Austrailia,plant pathogen,Pathotroph-Symbiotroph,Endophyte-Plant Pathogen,Colletotrichum tanaceti (GCA_005350895.1),ref,ascomycota_odb10,93.9,93.6,0.3,0.6,5.5,1706,57912474,12172,"Lelwala et al 2019, Plos",GCA_005350895.1,ASM535089v1,Colletotrichum tanaceti,BRIP57314,Annotation submitted by The University of Melbourne,57912474,Scaffold,5/14/19,PJEX01,36517,103135,Illumina,The University of Melbourne,PRJNA421029,SAMN08130444,12172,12172,NA
Colletotrichum tofieldiae,Glomerellales,Glomerellaceae,Colletotrichum,tofieldiae,Colletotrichum tofieldiae,Colto1,Colto1.aa,spaethianum,Arabidopsis thaliana,eudicot,plant,plant,terrestrial,Spain,endophyte,Pathotroph-Symbiotroph,Endophyte-Plant Pathogen,Colletotrichum tofieldiae (JGI),ref,ascomycota_odb10,94.8,94.6,0.2,0.2,5,1706,52836184,12501,"Hacquard S et al., 2016",GCA_001625265.1,Ct0861v1,Colletotrichum tofieldiae,0861,Annotation submitted by Max Planck Genome Center Cologne,52836184,Scaffold,4/19/16,LFIV01,209340,209340,454;Illumina HiSeq,Max Planck Genome Center Cologne,PRJNA286731,SAMN03769761,12501,12501,NA
Colletotrichum tropicale,Glomerellales,Glomerellaceae,Colletotrichum,tropicale,Colletotrichum tropicale,GCA_027942835.1,GCA_027942835.1.aa,gloeosporioides,Manilkara bidentata,eudicot,plant,plant,terrestrial,Puerto Rico,endophyte,Pathotroph-Symbiotroph,Endophyte-Plant Pathogen,Colletotrichum tropicale (GCA_027942835.1),ref,ascomycota_odb10,94.5,94.3,0.2,2.3,3.2,1706,54633813,13995,"Hill et al, 2023",GCA_027942835.1,ASM2794283v1,Colletotrichum tropicale,IMI 366226,"Annotation submitted by Royal Botanic Gardens, Kew",54633813,Contig,1/23/23,JAPUFE01,63560,NA,Illumina NovaSeq; Oxford Nanopore MinION,"Royal Botanic Gardens, Kew",PRJNA786750,SAMN30184424,13995,13587,NA
Colletotrichum truncatum,Glomerellales,Glomerellaceae,Colletotrichum,truncatum,Colletotrichum truncatum,GCA_014235925.1,GCA_014235925.1.aa,truncatum,Glycine max,eudicot,plant,plant,terrestrial,Brazil,plant pathogen,Pathotroph-Symbiotroph,Endophyte-Plant Pathogen,Colletotrichum truncatum (GCA_014235925.1),ref,ascomycota_odb10,96.6,96,0.6,1.8,1.6,1706,56102516,15901,"Rogerio et al, 2020",GCA_014235925.1,CTRU02,Colletotrichum truncatum,CMES1059,Annotation submitted by University of Salamanca,56102516,Contig,8/18/20,VUJX01,831709,NA,PacBio RSII; Illumina HiSeq,University of Salamanca,PRJNA563581,SAMN12683944,15901,15901,NA
Colletotrichum zoysiae,Glomerellales,Glomerellaceae,Colletotrichum,zoysiae,Colletotrichum zoysiae,Colzo1,Colzo1.aa,graminicola,Zoysia tenuifolia Willd. ex Trin.,monocot,plant,plant,terrestrial,Japan,plant pathogen,Pathotroph-Symbiotroph,Endophyte-Plant Pathogen,Colletotrichum zoysiae (JGI),ref,ascomycota_odb10,98.9,98.8,0.1,0.5,0.6,1706,46533813,15326,"Baroncelli et al, 2022",GCA_030867305.1,Colzo1,Colletotrichum zoysiae,MAFF235873,Annotation submitted by DOE Joint Genome Institute,46533813,Scaffold,8/22/23,JAHMAF01,129783,179109,Illumina,DOE Joint Genome Institute,PRJNA262217,SAMN05660351,15606,15325,2
Cordyceps militaris CM01,Sordariales,Chaetomiaceae,Cordyceps,militaris,Cordyceps militaris,Cormi1,Cormi1.aa,NA,insect,NA,insect,insect ,terrestrial,China,insect pathogen,NA,NA,Cordyceps militaris CM01 (JGI),ref,ascomycota_odb10,96,95.8,0.2,0.6,3.4,1706,32268578,9651,"Zheng P et al., 2011",GCA_000225605.1,CmilitarisCM01_v01,Cordyceps militaris CM01,CM01,"Annotation submitted by Shanghai Institutes for Biological Sciences (SIBS), Chinese Academy of Sciences",32268578,Scaffold,9/12/11,AEVU01,108187,4551492,454; Illumina,"Shanghai Institutes for Biological Sciences (SIBS), Chinese Academy of Sciences",PRJNA41129,SAMN02981304,9651,9651,NA
Cryphonectria parasitica EP155 v2.0,Diaporthales,Cryphonectriaceae,Cryphonectria,parasitica,Cryphonectria parasitica,Crypa2,Crypa2.aa,NA,Castanea dentata,eudicot,plant,plant,terrestrial,USA,plant pathogen,Pathotroph,Plant Pathogen,Cryphonectria parasitica EP155 (JGI),ref,ascomycota_odb10,94.2,94,0.2,1.1,4.7,1706,43870411,11609,"Crouch JA et al., 2020",GCA_011745365.1,Crypa2,Cryphonectria parasitica EP155,EP155,Annotation submitted by DOE Joint Genome Institute,43870411,Scaffold,3/25/20,WHUS01,4041104,5118729,8.54x,DOE Joint Genome Institute,PRJNA207842,SAMN02744051,11727,11606,2
Cylindrocarpon olidum MPI-CAGE-CH-0241 v1.0,Hypocreales,Nectriaceae,Cylindrocarpon,olidum,Cylindrocarpon olidum,Cylol1,Cylol1.aa,NA,Cardamine hirsuta ,eudicot,plant,plant,terrestrial,Germany,endophyte,Pathotroph,Plant Pathogen,Cylindrocarpon olidum MPI-CAGE-CH-0241 (JGI),ref,ascomycota_odb10,99.1,98.1,1,0.4,0.5,1706,52862545,16645,"Mesny F et al., 2021",GCA_020736575.1,Cylol1,Thelonectria olida,MPI-CAGE-CH-0241,Annotation submitted by DOE Joint Genome Institute,52862545,Contig,11/2/21,JAGPYM01,1151534,NA,PacBio RSII,DOE Joint Genome Institute,PRJNA371203,SAMN06296308,16852,16644,3
Dactylonectria estremocensis MPI-CAGE-AT-0021 v1.0,Hypocreales,Nectriaceae,Dactylonectria,estremocensis,Dactylonectria estremocensis,Daces1,Daces1.aa,NA,Arabidopsis thaliana,eudicot,plant,plant,terrestrial,Germany,endophyte,NA,NA,Dactylonectria estremocensis MPI-CAGE-AT-0021 (JGI),ref,ascomycota_odb10,99.2,98.2,1,0.2,0.6,1706,64663708,19198,"Mesny F et al., 2021",GCA_020744375.1,Daces1,Dactylonectria estremocensis,MPI-CAGE-AT-0021,Annotation submitted by DOE Joint Genome Institute,64663708,Contig,11/5/21,JAGMUU01,1530580,NA,PacBio SEQUEL,DOE Joint Genome Institute,PRJNA370196,SAMN06296343,19417,19198,1
Dactylonectria macrodidyma MPI-CAGE-AT-0147 v1.0,Hypocreales,Nectriaceae,Dactylonectria,macrodidyma,Dactylonectria macrodidyma,Dacma1,Dacma1.aa,NA,Arabidopsis thaliana,eudicot,plant,plant,terrestrial,Germany,endophyte,NA,NA,Dactylonectria macrodidyma MPI-CAGE-AT-0147 (JGI),ref,ascomycota_odb10,99.2,97.9,1.3,0.1,0.7,1706,77328613,21304,"Mesny F et al., 2021",GCA_020744425.1,Dacma1,Dactylonectria macrodidyma,MPI-CAGE-AT-0147,Annotation submitted by DOE Joint Genome Institute,77328613,Contig,11/5/21,JAGMUV01,2130175,NA,PacBio SEQUEL,DOE Joint Genome Institute,PRJNA500112,SAMN10362765,21524,21303,3
Daldinia bambusicola CBS 122872 v1.0,Xylariales,Hypoxylaceae,Daldinia,bambusicola,Daldinia bambusicola,Dalba1,Dalba1.aa,NA,Bamboo,monocot,plant,plant,terrestrial,Thailand,non-endophyte,Saprotroph,Undefined Saprotroph,Daldinia bambusicola CBS 122872 (JGI),ref,ascomycota_odb10,99.2,99.2,0,0.2,0.6,1706,38030351,10508,"Franco MEE et al., 2022",GCA_022478815.1,Dalba1,Daldinia bambusicola,CBS 122872,Annotation submitted by DOE Joint Genome Institute,38030351,Scaffold,3/3/22,JAJMPD01,153242,247976,Illumina,DOE Joint Genome Institute,PRJNA567206,SAMN12794055,10665,10508,9
Daldinia loculata CBS 113971 v1.0,Xylariales,Hypoxylaceae,Daldinia,loculata,Daldinia loculata,Dalloc1,Dalloc1.aa,NA,Betula sp.,eudicot,plant,wood,terrestrial,Norway,non-endophyte,Saprotroph,Undefined Saprotroph,Daldinia loculata CBS 113971 (JGI),ref,ascomycota_odb10,99.5,99.4,0.1,0.1,0.4,1706,37819304,10825,"Franco MEE et al., 2022",GCA_022478755.1,Dalloc1,Daldinia loculata,CBS 113971,Annotation submitted by DOE Joint Genome Institute,37819304,Scaffold,3/3/22,JAJNNT01,318675,438542,Illumina,DOE Joint Genome Institute,PRJNA567216,SAMN12794154,10988,10825,10
Daldinia vernicosa CBS 139.73 v1.0,Xylariales,Hypoxylaceae,Daldinia,vernicosa,Daldinia vernicosa,Dalver1,Dalver1.aa,NA,angiosperm,unknown,plant,wood,terrestrial,Neatherlands,non-endophyte,Saprotroph,Undefined Saprotroph,Daldinia vernicosa CBS 139.73 (JGI),ref,ascomycota_odb10,99.2,99.2,0,0.2,0.6,1706,35841789,10674,"Franco MEE et al., 2022",GCA_022497035.1,Dalver1,Daldinia vernicosa,CBS 139.73,Annotation submitted by DOE Joint Genome Institute,35841789,Scaffold,2/28/22,JAJKKY01,388201,551707,Illumina,DOE Joint Genome Institute,PRJNA571058,SAMN12814233,10828,10671,10
Diaporthe ampelina UCDDA912,Diaporthales,Diaporthaceae,Diaporthe,ampelina,Diaporthe ampelina,Diaam1,Diaam1.aa,NA,Vitis sp.,eudicot,plant,wood,terrestrial,USA,plant pathogen,Pathotroph-Symbiotroph,Endophyte-Plant Pathogen,Diaporthe ampelina UCDDA912 (JGI),ref,ascomycota_odb10,92.7,92.5,0.2,3.4,3.9,1706,47325858,10704,"Morales-Cruz A et al., 2015",GCA_001006365.1,UCDDA912v1.0,Diaporthe ampelina,DA912,Annotation submitted by University of California Davis,47325858,Scaffold,5/13/15,LCUC01,86592,132346,Illumina HiSeq,University of California Davis,PRJNA261766,SAMN03078469,10704,10704,NA
Emericellopsis sp. TS7 v1.0,Hypocreales,Hypocreales incertae sedis,Emericellopsis,sp.,Emericellopsis sp.,AcreTS7_1,AcreTS7_1.aa,NA,Stelletta normani,NA,animal,sponge,marine,Ireland,environmental,Saprotroph,Undefined Saprotroph,Emericellopsis sp. TS7 (JGI),ref,ascomycota_odb10,99,98.9,0.1,0.2,0.8,1706,27300990,9964,"Hagestad OC et al., 2021",GCA_019669845.1,AcreTS7_1,Emericellopsis atlantica,TS7,Annotation submitted by DOE Joint Genome Institute,27300990,Scaffold,8/18/21,JAFMPH01,450535,758458,Illumina,DOE Joint Genome Institute,PRJNA571189,SAMN12811583,10068,9964,1
Escovopsis weberi CC031208-10,Hypocreales,Hypocreaceae,Escovopsis,weberi,Escovopsis weberi,Escweb1,Escweb1.aa,NA,Leucoagaricus spp,NA,fungi,fungi,terrestrial,Panama,mycoparasite,NA,NA,Escovopsis weberi CC031208-10 (JGI),ref,ascomycota_odb10,92.9,92.8,0.1,2.5,4.6,1706,27200907,6754,"de Man TJ et al., 2016",GCA_001278495.1,ASM127849v1,Escovopsis weberi,NA,Annotation submitted by Emory University,27200907,Scaffold,9/2/15,LGSR01,31875,2575654,454,Emory University,PRJNA253870,SAMN03431439,6870,6870,NA
Fusarium avenaceum MPI-SDFR-AT-0044 v1.0,Hypocreales,Nectriaceae,Fusarium,avenaceum,Fusarium avenaceum,Fustri1,Fustri1.aa,NA,Arabidopsis thaliana,eudicot,plant,plant,terrestrial,France,endophyte,Pathotroph-Saprotroph-Symbiotroph,Animal Pathogen-Endophyte-Lichen Parasite-Plant Pathogen-Soil Saprotroph-Wood Saprotroph,Fusarium avenaceum MPI-SDFR-AT-0044 (JGI),ref,ascomycota_odb10,98.9,98.4,0.5,0.5,0.6,1706,42232206,14043,"Mesny F et al., 2021",GCA_020744115.1,Fustri1,Fusarium avenaceum,MPI-SDFR-AT-0044,Annotation submitted by DOE Joint Genome Institute,42232206,Contig,11/4/21,JAGMVH01,4676257,NA,PacBio SEQUEL,DOE Joint Genome Institute,PRJNA455443,SAMN09062724,14351,14042,2
Fusarium graminearum v1.0,Hypocreales,Nectriaceae,Fusarium,graminearum,Fusarium graminearum,Fusgr1,Fusgr1.aa,NA,Zea Mays,monocot,plant,plant,terrestrial,USA,plant pathogen,Pathotroph-Saprotroph-Symbiotroph,Animal Pathogen-Endophyte-Lichen Parasite-Plant Pathogen-Soil Saprotroph-Wood Saprotroph,Fusarium graminearum (JGI),ref,ascomycota_odb10,97.5,97.3,0.2,1.3,1.2,1706,36458046,13322,"Cuomo CA et al., 2007",GCA_000240135.3,ASM24013v3,Fusarium graminearum PH-1,PH-1; NRRL 31084,Annotation submitted by International Gibberella zeae Genomics Consortium,36458046,Chromosome,11/21/08,AACM02,184591,5350016,,International Gibberella zeae Genomics Consortium,PRJNA13839,SAMN02953593,13726,13313,11
Fusarium oxysporum f. sp. albedinis isolate 9 v1.0,Hypocreales,Nectriaceae,Fusarium,oxysporum,Fusarium oxysporum,Fusoxalb1,Fusoxalb1.aa,NA,Phoenix dactylifera,monocot,plant,plant,terrestrial,Morocco,plant pathogen,Pathotroph-Saprotroph-Symbiotroph,Animal Pathogen-Endophyte-Lichen Parasite-Plant Pathogen-Soil Saprotroph-Wood Saprotroph,Fusarium oxysporum f. sp. albedinis isolate 9 (JGI),ref,ascomycota_odb10,98.6,97.7,0.9,0.1,1.3,1706,65559131,19411,"Khoulassa S et al., 2022",GCA_023509805.1,Fusoxalb1,Fusarium oxysporum f. sp. albedinis,9,Annotation submitted by DOE Joint Genome Institute,65559131,Contig,5/19/22,JAKELM01,2949549,NA,PacBio,DOE Joint Genome Institute,PRJNA677031,SAMN16773494,19713,19410,4
Fusarium verticillioides 7600 v2,Hypocreales,Nectriaceae,Fusarium,verticillioides,Fusarium verticillioides,Fusve2,Fusve2.aa,NA,Zea mays,monocot,plant,plant,terrestrial,USA,plant pathogen,Pathotroph-Saprotroph-Symbiotroph,Animal Pathogen-Endophyte-Lichen Parasite-Plant Pathogen-Soil Saprotroph-Wood Saprotroph,Fusarium verticillioides 7600 v2 (JGI),ref,ascomycota_odb10,99,75.8,23.2,0.6,0.4,1706,41791161,20553,"Ma LJ et al., 2010",GCA_000149555.1,ASM14955v1,Fusarium verticillioides 7600,7600,"Annotation submitted by Syngenta Biotechnology, Inc.",41791161,Chromosome,11/21/08,AAIM02,392397,1959799,,"Syngenta Biotechnology, Inc.",PRJNA15553,SAMN02953630,16240,15869,4
Grosmannia clavigera kw1407,Ophiostomatales,Ophiostomataceae,Grosmannia,clavigera,Grosmannia clavigera,Grocl1,Grocl1.aa,NA,Pinus contorta,gymnosperm,plant,plant,terrestrial,USA,plant pathogen,Pathotroph,Plant Pathogen,Grosmannia clavigera kw1407 (JGI),ref,ascomycota_odb10,95.1,95,0.1,1.3,3.6,1706,29794006,8312,"DiGuistini S et al., 2011",GCA_000143105.2,Sanger-454-IlluminaPA_2.0,Grosmannia clavigera kw1407,kw1407,Annotation submitted by Michael Smith Laboratories at UBC,29794006,Scaffold,1/31/11,ACXQ02,1213309,1996734,Sanger; 454; Illumina,Michael Smith Laboratories at UBC,PRJNA39837,SAMN02953765,8312,8312,NA
Hypoxylon argillaceum CBS 527.63 v1.0,Xylariales,Hypoxylaceae,Hypoxylon,argillaceum,Hypoxylon argillaceum,Hyparg1,Hyparg1.aa,NA,Pinus sp.,gymnosperm,plant,wood,terrestrial,USA,non-endophyte,NA,NA,Hypoxylon argillaceum CBS 527.63 (JGI),ref,ascomycota_odb10,98.3,98.1,0.2,0.4,1.3,1706,54444476,12590,"Franco MEE et al., 2022",GCA_022495175.1,Hyparg1,Hypoxylon argillaceum,CBS 527.63,Annotation submitted by DOE Joint Genome Institute,54444476,Scaffold,2/28/22,JAJJXD01,132060,147091,Illumina,DOE Joint Genome Institute,PRJNA583856,SAMN13173468,12823,12590,13
Hypoxylon cercidicola CBS 119009 v1.0,Xylariales,Hypoxylaceae,Hypoxylon,cercidicola,Hypoxylon cercidicola,Hypcer1,Hypcer1.aa,NA,Fraxinus excelsior,eudicot,plant,plant,terrestrial,France,non-endophyte,NA,NA,Hypoxylon cercidicola CBS 119009 (JGI),ref,ascomycota_odb10,99.1,98.7,0.4,0.5,0.4,1706,36615672,11824,"Franco MEE et al., 2022",GCA_022578845.1,Hypcer1,Hypoxylon cercidicola,CBS 119009,Annotation submitted by DOE Joint Genome Institute,36615672,Scaffold,3/3/22,JAJLYK01,393894,1300530,Illumina,DOE Joint Genome Institute,PRJNA567218,SAMN12794303,12030,11824,9
Hypoxylon fuscum CBS 119018 v1.0,Xylariales,Hypoxylaceae,Hypoxylon,fuscum,Hypoxylon fuscum,Hypfus1,Hypfus1.aa,NA,Corylus avellana,eudicot,plant,plant,terrestrial,France,non-endophyte,NA,NA,Hypoxylon fuscum CBS 119018 (JGI),ref,ascomycota_odb10,99,98.7,0.3,0.4,0.6,1706,39045003,12268,"Franco MEE et al., 2022",GCA_022578945.1,Hypfus1,Hypoxylon fuscum,CBS 119018,Annotation submitted by DOE Joint Genome Institute,39045003,Scaffold,3/3/22,JAJLYN01,147855,191288,Illumina,DOE Joint Genome Institute,PRJNA567220,SAMN12794058,12548,12268,14
Ilyonectria sp. MPI-CAGE-AT-0026 v1.0,Hypocreales,Nectriaceae,Ilyonectria,sp.,Ilyonectria sp.,Ilyeu1,Ilyeu1.aa,NA,Arabidopsis thaliana,eudicot,plant,plant,terrestrial,Germany,endophyte,Pathotroph,Plant Pathogen,Ilyonectria sp. MPI-CAGE-AT-0026 (JGI),ref,ascomycota_odb10,99,97.7,1.3,0.2,0.8,1706,62828295,20870,"Mesny F et al., 2021",GCA_020744155.1,Ilyeu1,Ilyonectria sp. MPI-CAGE-AT-0026,MPI-CAGE-AT-0026,Annotation submitted by DOE Joint Genome Institute,62828295,Contig,11/4/21,JAGPNQ01,2311083,NA,PacBio SEQUEL,DOE Joint Genome Institute,PRJNA347186,SAMN05878031,21075,20868,6
Kretzschmaria deusta CBS 826.72 v1.0,Xylariales,Xylariaceae,Kretzschmaria,deusta,Kretzschmaria deusta,KdCBS826_1,KdCBS826_1.aa,NA,Fagus sylvatica,eudicot,plant,wood,terrestrial,Belgium,non-endophyte,Saprotroph,Undefined Saprotroph,Kretzschmaria deusta CBS 826.72 (JGI),ref,ascomycota_odb10,98.3,98.1,0.2,0.5,1.2,1706,49727278,12520,"Franco MEE et al., 2022",GCA_022496955.1,KdCBS826_1,Ustulina deusta,CBS 826.72,Annotation submitted by DOE Joint Genome Institute,49727278,Scaffold,2/28/22,JAJKKC01,128283,172146,Illumina,DOE Joint Genome Institute,PRJNA567228,SAMN12794109,12670,12519,6
Metarhizium acridum CQMa 102,Hypocreales,Clavicipitaceae,Metarhizium,acridum,Metarhizium acridum,Metac1,Metac1.aa,NA,acridids,NA,insect,insect ,terrestrial,China,insect pathogen,Pathotroph,Animal Pathogen,Metarhizium acridum CQMa 102 (JGI),ref,ascomycota_odb10,95.2,94.7,0.5,2.2,2.6,1706,39422329,9849,"Gao Q et al., 2011",GCA_000187405.1,MetAcr_May2010,Metarhizium acridum CQMa 102,CQMa 102,Annotation submitted by Metarhizium genome sequencing Consortium,39422329,Scaffold,2/8/11,ADNI01,54747,329480,Solexa,Metarhizium genome sequencing Consortium,PRJNA38715,SAMN02981259,9974,9849,5
Microdochium bolleyi J235TASD1 v1.0,Xylariales,Microdochiaceae,Microdochium,bolleyi,Microdochium bolleyi,Micbo1,Micbo1.aa,NA,Ammophila breviligulata,monocot,plant,plant,terrestrial,USA,endophyte,NA,NA,Microdochium bolleyi J235TASD1 (JGI),ref,ascomycota_odb10,97.8,97.6,0.2,1.1,1.1,1706,38835037,13177,"David AS et al., 2016",GCA_001566295.1,Microdochium bolleyi v1.0,Microdochium bolleyi,J235TASD1,Annotation submitted by DOE Joint Genome Institute,38835037,Scaffold,2/23/16,LSSP01,728468,1332594,Illumina,DOE Joint Genome Institute,PRJNA308023,SAMN04386150,13338,13165,2
Microdochium trichocladiopsis MPI-CAGE-CH-0230 v1.0,Xylariales,Microdochiaceae,Microdochium,trichocladiopsis,Microdochium trichocladiopsis,Mictri1,Mictri1.aa,NA,Cardamine hirsuta ,eudicot,plant,plant,terrestrial,Germany,endophyte,NA,NA,Microdochium trichocladiopsis MPI-CAGE-CH-0230 (JGI),ref,ascomycota_odb10,98.5,97.8,0.7,0.4,1.1,1706,49282715,16025,"Mesny F et al., 2021",GCA_020744255.1,Mictri1,Microdochium trichocladiopsis,MPI-CAGE-CH-0230,Annotation submitted by DOE Joint Genome Institute,49282715,Contig,11/4/21,JAGTJQ01,3459864,NA,PacBio RSII,DOE Joint Genome Institute,PRJNA370119,SAMN06297163,16222,16023,1
Neonectria ditissima R09/05,Hypocreales,Nectriaceae,Neonectria,ditissima,Neonectria ditissima,Neodi1,Neodi1.aa,NA,Malus domestica,eudicot,plant,wood,terrestrial,United Kingdom,plant pathogen,Pathotroph,Plant Pathogen,Neonectria ditissima R09/05 (JGI),ref,ascomycota_odb10,98.4,97.8,0.6,0.5,1.1,1706,45719213,12685,"Gomez-Cortecero A et al., 2015",GCA_001306435.1,R0905_v2.0,Neonectria ditissima,R09/05,Annotation submitted by Harrison Lab Group,45719213,Contig,10/5/15,LKCW01,153409,NA,Illumina MiSeq,Harrison Lab Group,PRJNA292426,SAMN03975979,12711,12685,26
Ophiostoma piceae UAMH 11346,Ophiostomatales,Ophiostomataceae,Ophiostoma,piceae,Ophiostoma piceae,Ophpic1,Ophpic1.aa,NA,Pinus contorta,gymnosperm,plant,plant,terrestrial,Canada,non-endophyte,Pathotroph,Plant Pathogen,Ophiostoma piceae UAMH 11346 (JGI),ref,ascomycota_odb10,97.6,97.6,0,0.4,2,1706,32840360,8884,"Haridas S et al., 2013",GCA_000410735.1,Opiceae_UAMHv01,Ophiostoma piceae UAMH 11346,UAMH 11346,Annotation submitted by University of British Columbia,32840360,Scaffold,6/14/13,AQHS01,205066,1451997,Illumina HiSeq; 454,University of British Columbia,PRJNA182071,SAMN02179239,8884,8884,NA
Plectosphaerella cucumerina RP01 v1.0,Glomerellales,Plectosphaerellaceae,Plectosphaerella,cucumerina,Plectosphaerella cucumerina,Plecuc1,Plecuc1.aa,NA,Arabidopsis thaliana,eudicot,plant,plant,terrestrial,Germany,endophyte,Pathotroph-Symbiotroph,Endophyte-Plant Pathogen,Plectosphaerella cucumerina RP01 (JGI),ref,ascomycota_odb10,98.9,98.5,0.4,0.2,0.9,1706,36520717,12956,"Mesny F et al., 2021",GCA_020746995.1,Plecuc1,Plectosphaerella cucumerina,MPI-CAGE-AT-0016,Annotation submitted by DOE Joint Genome Institute,36520717,Contig,11/5/21,JAGPXD01,6487456,NA,PacBio RSII,DOE Joint Genome Institute,PRJNA371204,SAMN06296410,13292,12955,2
Poronia punctata CBS 180.79 v1.0,Xylariales,Xylariaceae,Poronia,punctata,Poronia punctata,Porpun1,Porpun1.aa,NA,Equus caballus,NA,NA,dung,terrestrial,Neatherlands,non-endophyte,Saprotroph,Undefined Saprotroph,Poronia punctata CBS 180.79 (JGI),ref,ascomycota_odb10,98.7,98.5,0.2,0.4,0.9,1706,47990914,9862,"Franco MEE et al., 2022",GCA_022579005.1,Porpun1,Poronia punctata,CBS 180.79,Annotation submitted by DOE Joint Genome Institute,47990914,Scaffold,3/3/22,JAJLYO01,67818,138028,Illumina,DOE Joint Genome Institute,PRJNA583847,SAMN13173198,10155,9862,10
Pseudomassariella vexata CBS 129021 v1.0,Xylariales,Pseudomassariaceae,Pseudomassariella,vexata,Pseudomassariella vexata,Pseve2,Pseve2.aa,NA,Cornus sanguinea,eudicot,plant,plant,terrestrial,Austria,non-endophyte,NA,NA,Pseudomassariella vexata CBS 129021 (JGI),ref,ascomycota_odb10,98.8,98.6,0.2,0.2,1,1706,44711451,12565,"Mondo SJ et al., 2017",GCA_002105095.1,Pseve2,Pseudomassariella vexata,CBS 129021,Annotation submitted by DOE Joint Genome Institute,44711451,Contig,4/20/17,MCFJ01,2561820,NA,PacBio,DOE Joint Genome Institute,PRJNA330698,SAMN05421895,12951,12565,4
Rostrohypoxylon terebratum CBS 119137 v1.0,Xylariales,Hypoxylaceae,Rostrohypoxylon,terebratum,Rostrohypoxylon terebratum,Roster1,Roster1.aa,NA,Lithocarpus sp.,eudicot,plant,wood,terrestrial,Thailand,non-endophyte,Saprotroph,Undefined Saprotroph,Rostrohypoxylon terebratum CBS 119137 (JGI),ref,ascomycota_odb10,99,99,0,0.4,0.6,1706,37279361,11168,"Franco MEE et al., 2022",GCA_022497145.1,Roster1,Rostrohypoxylon terebratum,CBS 119137,Annotation submitted by DOE Joint Genome Institute,37279361,Scaffold,2/28/22,JAJKKG01,193892,270506,Illumina,DOE Joint Genome Institute,PRJNA567568,SAMN12794377,11295,11165,3
Sordaria humana MPI-SDFR-AT-0083 v1.0,Sordariales,Sordariaceae,Sordaria,humana,Sordaria humana,Sorhu1,Sorhu1.aa,NA,Arabidopsis thaliana,eudicot,plant,plant,terrestrial,France,endophyte,Saprotroph,Dung Saprotroph-Wood Saprotroph,Sordaria humana MPI-SDFR-AT-0083 (JGI),ref,ascomycota_odb10,99,98.6,0.4,0.3,0.7,1706,39449547,11075,"Mesny F et al., 2021",GCA_020800285.1,Sorhu1,Sordaria sp. MPI-SDFR-AT-0083,MPI-SDFR-AT-0083,Annotation submitted by DOE Joint Genome Institute,39449547,Contig,11/8/21,JAGTJO01,3213278,NA,PacBio SEQUEL,DOE Joint Genome Institute,PRJNA371202,SAMN06296182,11515,11075,9
Stachybotrys elegans MPI-CAGE-CH-0235 v1.0,Hypocreales,Stachybotryaceae,Stachybotrys,elegans,Stachybotrys elegans,Stael1,Stael1.aa,NA,Cardamine hirsuta ,eudicot,plant,plant,terrestrial,Germany,endophyte,NA,NA,Stachybotrys elegans MPI-CAGE-CH-0235 (JGI),ref,ascomycota_odb10,98.7,97.9,0.8,0.4,0.9,1706,43467584,14925,"Mesny F et al., 2021",GCA_020746835.1,Stael1,Stachybotrys elegans,MPI-CAGE-CH-0235,Annotation submitted by DOE Joint Genome Institute,43467584,Contig,11/5/21,JAGPNK01,2151684,NA,PacBio RSII,DOE Joint Genome Institute,PRJNA370118,SAMN06296943,15082,14924,2
Trichoderma arundinaceum IBT 40837,Hypocreales,Hypocreaceae,Trichoderma,arundinaceum,Trichoderma arundinaceum,Triaru1,Triaru1.aa,NA,soil,NA,soil,soil,terrestrial,Iran,non-endophyte,Pathotroph-Saprotroph-Symbiotroph,Animal Pathogen-Endophyte-Epiphyte-Fungal Parasite-Plant Pathogen-Wood Saprotroph,Trichoderma arundinaceum IBT 40837 (JGI),ref,ascomycota_odb10,96.2,95.7,0.5,1.3,2.5,1706,36872412,10473,"Proctor RH et al., 2018",GCA_003012105.1,Trichoderma_arundinaceum_IBT40837_contigs,Trichoderma arundinaceum,IBT 40837,"Annotation submitted by USDA, ARS, NCAUR",36872412,Scaffold,3/20/18,PXOA01,58198,61935,Illumina MiSeq,"USDA, ARS, NCAUR",PRJNA374046,SAMN06320351,10473,10473,NA
Trichoderma harzianum TR274 v1.0,Hypocreales,Hypocreaceae,Trichoderma,harzianum,Trichoderma harzianum,Trihar1,Trihar1.aa,NA,soil,NA,soil,soil,terrestrial,England,non-endophyte,Pathotroph-Saprotroph-Symbiotroph,Animal Pathogen-Endophyte-Epiphyte-Fungal Parasite-Plant Pathogen-Wood Saprotroph,Trichoderma harzianum TR274 (JGI),ref,ascomycota_odb10,99.1,98.7,0.4,0.2,0.7,1706,40865014,13932,"Kubicek CP et al., 2019",GCA_002838845.1,ASM283884v1,Trichoderma harzianum,TR274,Annotation submitted by UnB,40865014,Contig,12/13/17,NQLC01,37033,NA,Illumina MiSeq,UnB,PRJNA397414,SAMN07456232,13925,13925,NA
Trichoderma parareesei CBS 125925,Hypocreales,Hypocreaceae,Trichoderma,parareesei,Trichoderma parareesei,Tripar1,Tripar1.aa,NA,NA,NA,soil,soil,terrestrial,South America,non-endophyte,Pathotroph-Saprotroph-Symbiotroph,Animal Pathogen-Endophyte-Epiphyte-Fungal Parasite-Plant Pathogen-Wood Saprotroph,Trichoderma parareesei CBS 125925 (JGI),ref,ascomycota_odb10,96.2,96,0.2,0.9,2.9,1706,32070663,9062,"Yang D et al., 2015",GCA_001050175.1,Tpara_v1.0,Trichoderma parareesei,CBS 125925,Annotation submitted by Vienna University of Technology,32070663,Scaffold,7/8/15,LFMI01,15725,68608,Illumina,Vienna University of Technology,PRJNA287603,SAMN03784587,9062,9062,NA
Truncatella angustata MPI-SDFR-AT-0073 v1.0,Xylariales,Sporocadaceae,Truncatella,angustata,Truncatella angustata,Truan1,Truan1.aa,NA,Arabidopsis thaliana,eudicot,plant,plant,terrestrial,France,endophyte,Pathotroph,Plant Pathogen,Truncatella angustata MPI-SDFR-AT-0073 (JGI),ref,ascomycota_odb10,98.6,98.1,0.5,0.5,0.9,1706,47102642,14777,"Mesny F et al., 2021",GCA_020726525.1,Truan1,Truncatella angustata,MPI-SDFR-AT-0073,Annotation submitted by DOE Joint Genome Institute,47102642,Contig,10/29/21,JAGPXC01,3952510,NA,PacBio RSII,DOE Joint Genome Institute,PRJNA347197,SAMN08150287,14971,14775,4
Verticillium dahliae VdLs.17,Glomerellales,Plectosphaerellaceae,Verticillium,dahliae,Verticillium dahliae,Verda1,Verda1.aa,NA,lettuce,eudicot,plant,plant,terrestrial,USA,plant pathogen,Pathotroph-Symbiotroph,Endophyte-Fungal Parasite-Plant Pathogen,Verticillium dahliae VdLs.17 (JGI),ref,ascomycota_odb10,92.9,92.8,0.1,2.7,4.4,1706,33828453,10535,"Klosterman SJ et al., 2011",GCA_000150675.2,ASM15067v2,Verticillium dahliae VdLs.17,VdLs.17,Annotation submitted by Broad Institute,33828453,Scaffold,9/15/11,ABJE01,43309,1273651,,Broad Institute,PRJNA28529,SAMN02953716,10811,10535,2
Xylaria longipes CBS 148.73 v1.0,Xylariales,Xylariaceae,Xylaria,longipes,Xylaria longipes,Xyllon1,Xyllon1.aa,NA,Fagus sylvatica,eudicot,plant,wood,terrestrial,Germany,non-endophyte,Saprotroph-Symbiotroph,Endophyte-Undefined Saprotroph-Wood Saprotroph,Xylaria longipes CBS 148.73 (JGI),ref,ascomycota_odb10,98.9,98.5,0.4,0.4,0.7,1706,50750822,12544,"Franco MEE et al., 2022",GCA_025201785.1,Xyllon1,Xylaria longipes,CBS 148.73,Annotation submitted by DOE Joint Genome Institute,50750822,Scaffold,9/8/22,JAJLRH01,205765,239049,Illumina,DOE Joint Genome Institute,PRJNA567186,SAMN12794364,12755,12544,8